{
  "attack": [
    {
      "name": "Attack",
      "description": "Immediately end your turn(s) without drawing and force the next player to take 2 turns in a row. The victim of this card takes a turn as normal. Then, when their first turn is over, it’s their turn again. (If the victim of an Attack Card plays an Attack Card, their turns are immediately over, and the next player must take 2 turns.)"
    },
    {
      "name": "Attack",
      "description": "Immediately end your turn(s) without drawing and force the next player to take 2 turns in a row. The victim of this card takes a turn as normal. Then, when their first turn is over, it’s their turn again. (If the victim of an Attack Card plays an Attack Card, their turns are immediately over, and the next player must take 2 turns.)"
    },
    {
      "name": "Attack",
      "description": "Immediately end your turn(s) without drawing and force the next player to take 2 turns in a row. The victim of this card takes a turn as normal. Then, when their first turn is over, it’s their turn again. (If the victim of an Attack Card plays an Attack Card, their turns are immediately over, and the next player must take 2 turns.)"
    },
    {
      "name": "Attack",
      "description": "Immediately end your turn(s) without drawing and force the next player to take 2 turns in a row. The victim of this card takes a turn as normal. Then, when their first turn is over, it’s their turn again. (If the victim of an Attack Card plays an Attack Card, their turns are immediately over, and the next player must take 2 turns.)"
    }
  ]
}