{
  "defuse": [
    {
      "name": "Defuse",
      "description": "If you drew an Exploding Kitten, you can play this card instead of dying. Place your Defuse Card in the Discard Pile.\nThen take the Exploding Kitten, and without reordering or viewing the other cards, secretly put it back in the Draw Pile anywhere you’d like.\nWant to screw over the player right after you? Put the Kitten right on top of the deck. If you’d like, hold the deck under the table so that no one else can see where you put it.\nYour turn is over after playing this card."
    },
    {
      "name": "Defuse",
      "description": "If you drew an Exploding Kitten, you can play this card instead of dying. Place your Defuse Card in the Discard Pile.\nThen take the Exploding Kitten, and without reordering or viewing the other cards, secretly put it back in the Draw Pile anywhere you’d like.\nWant to screw over the player right after you? Put the Kitten right on top of the deck. If you’d like, hold the deck under the table so that no one else can see where you put it.\nYour turn is over after playing this card."
    },
    {
      "name": "Defuse",
      "description": "If you drew an Exploding Kitten, you can play this card instead of dying. Place your Defuse Card in the Discard Pile.\nThen take the Exploding Kitten, and without reordering or viewing the other cards, secretly put it back in the Draw Pile anywhere you’d like.\nWant to screw over the player right after you? Put the Kitten right on top of the deck. If you’d like, hold the deck under the table so that no one else can see where you put it.\nYour turn is over after playing this card."
    },
    {
      "name": "Defuse",
      "description": "If you drew an Exploding Kitten, you can play this card instead of dying. Place your Defuse Card in the Discard Pile.\nThen take the Exploding Kitten, and without reordering or viewing the other cards, secretly put it back in the Draw Pile anywhere you’d like.\nWant to screw over the player right after you? Put the Kitten right on top of the deck. If you’d like, hold the deck under the table so that no one else can see where you put it.\nYour turn is over after playing this card."
    },
    {
      "name": "Defuse",
      "description": "If you drew an Exploding Kitten, you can play this card instead of dying. Place your Defuse Card in the Discard Pile.\nThen take the Exploding Kitten, and without reordering or viewing the other cards, secretly put it back in the Draw Pile anywhere you’d like.\nWant to screw over the player right after you? Put the Kitten right on top of the deck. If you’d like, hold the deck under the table so that no one else can see where you put it.\nYour turn is over after playing this card."
    },
    {
      "name": "Defuse",
      "description": "If you drew an Exploding Kitten, you can play this card instead of dying. Place your Defuse Card in the Discard Pile.\nThen take the Exploding Kitten, and without reordering or viewing the other cards, secretly put it back in the Draw Pile anywhere you’d like.\nWant to screw over the player right after you? Put the Kitten right on top of the deck. If you’d like, hold the deck under the table so that no one else can see where you put it.\nYour turn is over after playing this card."
    }
  ]
}