{
  "exploding kittens": [
    {
      "name": "Exploding Kitten",
      "description": "You must show this card immediately. Unless you have a Defuse Card, you’re dead. Discard all of your cards, including the Exploding Kitten."
    },
    {
      "name": "Exploding Kitten",
      "description": "You must show this card immediately. Unless you have a Defuse Card, you’re dead. Discard all of your cards, including the Exploding Kitten."
    },
    {
      "name": "Exploding Kitten",
      "description": "You must show this card immediately. Unless you have a Defuse Card, you’re dead. Discard all of your cards, including the Exploding Kitten."
    },
    {
      "name": "Exploding Kitten",
      "description": "You must show this card immediately. Unless you have a Defuse Card, you’re dead. Discard all of your cards, including the Exploding Kitten."
    }
  ]
}