{
  "favor": [
    {
      "name": "Favor",
      "description": "Force any other player to give you 1 card from their hand. They choose which card to give you."
    },
    {
      "name": "Favor",
      "description": "Force any other player to give you 1 card from their hand. They choose which card to give you."
    },
    {
      "name": "Favor",
      "description": "Force any other player to give you 1 card from their hand. They choose which card to give you."
    },
    {
      "name": "Favor",
      "description": "Force any other player to give you 1 card from their hand. They choose which card to give you."
    }
  ]
}