{
  "nope": [
    {
      "name": "Nope",
      "description": "Stop any action except for an Exploding Kitten or a Defuse Card. Imagine that any card (or Pair of Cat Cards or Special Combo) beneath a Nope Card no longer exists.\nYou can also play a Nope on another Nope to negate it and create a Yup, and so on.\nYou can play a Nope Card at any time before an action has begun, even if it’s not your turn. Any cards that have been noped are lost. Leave them in the Discard Pile. You can even play a Nope on a SPECIAL COMBO (see below)."
    },
    {
      "name": "Nope",
      "description": "Stop any action except for an Exploding Kitten or a Defuse Card. Imagine that any card (or Pair of Cat Cards or Special Combo) beneath a Nope Card no longer exists.\nYou can also play a Nope on another Nope to negate it and create a Yup, and so on.\nYou can play a Nope Card at any time before an action has begun, even if it’s not your turn. Any cards that have been noped are lost. Leave them in the Discard Pile. You can even play a Nope on a SPECIAL COMBO (see below)."
    },
    {
      "name": "Nope",
      "description": "Stop any action except for an Exploding Kitten or a Defuse Card. Imagine that any card (or Pair of Cat Cards or Special Combo) beneath a Nope Card no longer exists.\nYou can also play a Nope on another Nope to negate it and create a Yup, and so on.\nYou can play a Nope Card at any time before an action has begun, even if it’s not your turn. Any cards that have been noped are lost. Leave them in the Discard Pile. You can even play a Nope on a SPECIAL COMBO (see below)."
    },
    {
      "name": "Nope",
      "description": "Stop any action except for an Exploding Kitten or a Defuse Card. Imagine that any card (or Pair of Cat Cards or Special Combo) beneath a Nope Card no longer exists.\nYou can also play a Nope on another Nope to negate it and create a Yup, and so on.\nYou can play a Nope Card at any time before an action has begun, even if it’s not your turn. Any cards that have been noped are lost. Leave them in the Discard Pile. You can even play a Nope on a SPECIAL COMBO (see below)."
    },
    {
      "name": "Nope",
      "description": "Stop any action except for an Exploding Kitten or a Defuse Card. Imagine that any card (or Pair of Cat Cards or Special Combo) beneath a Nope Card no longer exists.\nYou can also play a Nope on another Nope to negate it and create a Yup, and so on.\nYou can play a Nope Card at any time before an action has begun, even if it’s not your turn. Any cards that have been noped are lost. Leave them in the Discard Pile. You can even play a Nope on a SPECIAL COMBO (see below)."
    }
  ]
}