{
  "see the future": [
    {
      "name": "See the Future",
      "description": "Peek at the top 3 cards from the Draw Pile and put them back in the same order. Don’t show the cards to the other players."
    },
    {
      "name": "See the Future",
      "description": "Peek at the top 3 cards from the Draw Pile and put them back in the same order. Don’t show the cards to the other players."
    },
    {
      "name": "See the Future",
      "description": "Peek at the top 3 cards from the Draw Pile and put them back in the same order. Don’t show the cards to the other players."
    },
    {
      "name": "See the Future",
      "description": "Peek at the top 3 cards from the Draw Pile and put them back in the same order. Don’t show the cards to the other players."
    },
    {
      "name": "See the Future",
      "description": "Peek at the top 3 cards from the Draw Pile and put them back in the same order. Don’t show the cards to the other players."
    }
  ]
}