{
  "shuffle": [
    {
      "name": "Shuffle",
      "description": "Shuffle the Draw Pile without viewing the cards until told to stop. (Useful when you know there’s an Exploding Kitten coming.)"
    },
    {
      "name": "Shuffle",
      "description": "Shuffle the Draw Pile without viewing the cards until told to stop. (Useful when you know there’s an Exploding Kitten coming.)"
    },
    {
      "name": "Shuffle",
      "description": "Shuffle the Draw Pile without viewing the cards until told to stop. (Useful when you know there’s an Exploding Kitten coming.)"
    },
    {
      "name": "Shuffle",
      "description": "Shuffle the Draw Pile without viewing the cards until told to stop. (Useful when you know there’s an Exploding Kitten coming.)"
    }
  ]
}