{
  "skip": [
    {
      "name": "Skip",
      "description": "Immediately end your turn without drawing a card. (If you play a Skip Card as a defense to an Attack Card, it only ends 1 of the 2 turns. 2 Skip Cards would end both turns.)"
    },
    {
      "name": "Skip",
      "description": "Immediately end your turn without drawing a card. (If you play a Skip Card as a defense to an Attack Card, it only ends 1 of the 2 turns. 2 Skip Cards would end both turns.)"
    },
    {
      "name": "Skip",
      "description": "Immediately end your turn without drawing a card. (If you play a Skip Card as a defense to an Attack Card, it only ends 1 of the 2 turns. 2 Skip Cards would end both turns.)"
    },
    {
      "name": "Skip",
      "description": "Immediately end your turn without drawing a card. (If you play a Skip Card as a defense to an Attack Card, it only ends 1 of the 2 turns. 2 Skip Cards would end both turns.)"
    }
  ]
}